Workbook
Name Slicer_Car_Manufacturing_Year: #N/A

Sheet Dashboard

Sheet Age
A1: Average Premium By Age
A3: Driver's Age | B3: Average of Insurance Premium ($)
A4: 18 - 23 | B4: 501.56667
A5: 23 - 28 | B5: 499.07833
A6: 28 - 33 | B6: 496.74737
A7: 33 - 38 | B7: 495.4883
A8: 38 - 43 | B8: 493.36508
A9: 43 - 48 | B9: 491.38088
A10: 48 - 53 | B10: 490.62934
A11: 53 - 58 | B11: 489.08267
A12: 58 - 63 | B12: 487.28977
A13: 63 - 68 | B13: 487.85312
A14: Grand Total | B14: 493.74225

Sheet Experience
A1: Average Premium By Driver's Experience
A3: Driver's Experience | B3: Average of Insurance Premium ($)
A4: 0 - 5 | B4: 499.37177
A5: 5 - 10 | B5: 496.42813
A6: 10 - 15 | B6: 494.80617
A7: 15 - 20 | B7: 492.4313
A8: 20 - 25 | B8: 490.1356
A9: 25 - 30 | B9: 487.46829
A10: 30 - 35 | B10: 485.9709
A11: 35 - 40 | B11: 483.10606
A12: Grand Total | B12: 493.74225

Sheet Previous Accident
A1: Average Premium By Previous Accident
A3: Previous Accident | B3: Average of Insurance Premium ($)
A4: 0 | B4: 489.98409
A5: 1 | B5: 491.95409
A6: 2 | B6: 492.26944
A7: 3 | B7: 494.53568
A8: 4 | B8: 495.67074
A9: 5 | B9: 497.33294
A10: Grand Total | B10: 493.74225

Sheet Annual Milleage
A1: Average Premium By Annual Milleage
A3: Annual Milleage (x1000 km) | B3: Average of Insurance Premium ($)
A4: 15 - 19 | B4: 493.86481
A5: 19 - 23 | B5: 493.45455
A6: 11 - 15 | B6: 493.62963
A7: 23 - 27 | B7: 494.33382
A8: Grand Total | B8: 493.74225

Sheet Car Age
A1: Average Premium By Car Age
A3: Row Labels | B3: Average of Insurance Premium ($)
A4: 30 - 35 | B4: 495.62589
A5: 25 - 30 | B5: 494.59211
A6: 15 - 20 | B6: 494.14225
A7: 20 - 25 | B7: 493.74275
A8: 10 - 15 | B8: 493.425
A9: 5 - 10 | B9: 492.53052
A10: 0 - 5 | B10: 492.45629
A11: Grand Total | B11: 493.74225

Sheet Summary Statistics
A3: Min of Insurance Premium ($)
A4: 477.05
A7: Average of Insurance Premium ($)
A8: 493.74225
A11: Max of Insurance Premium ($)
A12: 508.15
A15: Count of Insurance Premium ($)
A16: 1000
A19: Sum of Insurance Premium ($)
A20: 493742.25

Sheet Transformed Data
A1: Driver Age | B1: Driver Experience | C1: Previous Accidents | D1: Annual Mileage (x1000 km) | E1: Car Manufacturing Year | F1: Car Age | G1: Insurance Premium ($) | L1: Bracket start | M1: Bracket end | N1: Age Band | P1: Bracket start | Q1: Bracket end | R1: Driver Experience Band | U1: Bracket start | V1: Bracket end | W1: Annual Mileage Band
A2: =_xlfn.XLOOKUP('Raw Data'!A2,$M$2:$M$11,$N$2:$N$11,,1) -> 53 - 58 | B2: =_xlfn.XLOOKUP('Raw Data'!B2,$Q$2:$Q$9,$R$2:$R$9,,1) -> 30 - 35 | C2: 4 | D2: =_xlfn.XLOOKUP('Raw Data'!D2,$V$2:$V$5,$W$2:$W$5,,1) -> 15 - 19 | E2: 2002 | F2: =_xlfn.XLOOKUP('Raw Data'!F2,$Q$2:$Q$9,$R$2:$R$9,,1) -> 20 - 25 | G2: 488.35 | L2: 18 | M2: =5+L2 -> 23 | N2: =L2&" - "&M2 -> 18 - 23 | P2: 0 | Q2: =5+P2 -> 5 | R2: =P2&" - "&Q2 -> 0 - 5 | U2: 11 | V2: =4+U2 -> 15 | W2: =U2&" - "&V2 -> 11 - 15
A3: =_xlfn.XLOOKUP('Raw Data'!A3,$M$2:$M$11,$N$2:$N$11,,1) -> 43 - 48 | B3: =_xlfn.XLOOKUP('Raw Data'!B3,$Q$2:$Q$9,$R$2:$R$9,,1) -> 15 - 20 | C3: 0 | D3: =_xlfn.XLOOKUP('Raw Data'!D3,$V$2:$V$5,$W$2:$W$5,,1) -> 19 - 23 | E3: 2025 | F3: =_xlfn.XLOOKUP('Raw Data'!F3,$Q$2:$Q$9,$R$2:$R$9,,1) -> 0 - 5 | G3: 486.15 | L3: =M2 -> 23 | M3: =5+L3 -> 28 | N3: =L3&" - "&M3 -> 23 - 28 | P3: =Q2 -> 5 | Q3: =5+P3 -> 10 | R3: =P3&" - "&Q3 -> 5 - 10 | U3: =V2 -> 15 | V3: =4+U3 -> 19 | W3: =U3&" - "&V3 -> 15 - 19
A4: =_xlfn.XLOOKUP('Raw Data'!A4,$M$2:$M$11,$N$2:$N$11,,1) -> 28 - 33 | B4: =_xlfn.XLOOKUP('Raw Data'!B4,$Q$2:$Q$9,$R$2:$R$9,,1) -> 10 - 15 | C4: 4 | D4: =_xlfn.XLOOKUP('Raw Data'!D4,$V$2:$V$5,$W$2:$W$5,,1) -> 11 - 15 | E4: 2020 | F4: =_xlfn.XLOOKUP('Raw Data'!F4,$Q$2:$Q$9,$R$2:$R$9,,1) -> 0 - 5 | G4: 497.55 | L4: =M3 -> 28 | M4: =5+L4 -> 33 | N4: =L4&" - "&M4 -> 28 - 33 | P4: =Q3 -> 10 | Q4: =5+P4 -> 15 | R4: =P4&" - "&Q4 -> 10 - 15 | U4: =V3 -> 19 | V4: =4+U4 -> 23 | W4: =U4&" - "&V4 -> 19 - 23
A5: =_xlfn.XLOOKUP('Raw Data'!A5,$M$2:$M$11,$N$2:$N$11,,1) -> 58 - 63 | B5: =_xlfn.XLOOKUP('Raw Data'!B5,$Q$2:$Q$9,$R$2:$R$9,,1) -> 0 - 5 | C5: 4 | D5: =_xlfn.XLOOKUP('Raw Data'!D5,$V$2:$V$5,$W$2:$W$5,,1) -> 15 - 19 | E5: 1991 | F5: =_xlfn.XLOOKUP('Raw Data'!F5,$Q$2:$Q$9,$R$2:$R$9,,1) -> 30 - 35 | G5: 498.35 | L5: =M4 -> 33 | M5: =5+L5 -> 38 | N5: =L5&" - "&M5 -> 33 - 38 | P5: =Q4 -> 15 | Q5: =5+P5 -> 20 | R5: =P5&" - "&Q5 -> 15 - 20 | U5: =V4 -> 23 | V5: =4+U5 -> 27 | W5: =U5&" - "&V5 -> 23 - 27
A6: =_xlfn.XLOOKUP('Raw Data'!A6,$M$2:$M$11,$N$2:$N$11,,1) -> 23 - 28 | B6: =_xlfn.XLOOKUP('Raw Data'!B6,$Q$2:$Q$9,$R$2:$R$9,,1) -> 5 - 10 | C6: 0 | D6: =_xlfn.XLOOKUP('Raw Data'!D6,$V$2:$V$5,$W$2:$W$5,,1) -> 11 - 15 | E6: 2005 | F6: =_xlfn.XLOOKUP('Raw Data'!F6,$Q$2:$Q$9,$R$2:$R$9,,1) -> 15 - 20 | G6: 495.55 | L6: =M5 -> 38 | M6: =5+L6 -> 43 | N6: =L6&" - "&M6 -> 38 - 43 | P6: =Q5 -> 20 | Q6: =5+P6 -> 25 | R6: =P6&" - "&Q6 -> 20 - 25
A7: =_xlfn.XLOOKUP('Raw Data'!A7,$M$2:$M$11,$N$2:$N$11,,1) -> 33 - 38 | B7: =_xlfn.XLOOKUP('Raw Data'!B7,$Q$2:$Q$9,$R$2:$R$9,,1) -> 10 - 15 | C7: 2 | D7: =_xlfn.XLOOKUP('Raw Data'!D7,$V$2:$V$5,$W$2:$W$5,,1) -> 11 - 15 | E7: 1998 | F7: =_xlfn.XLOOKUP('Raw Data'!F7,$Q$2:$Q$9,$R$2:$R$9,,1) -> 25 - 30 | G7: 494.75 | L7: =M6 -> 43 | M7: =5+L7 -> 48 | N7: =L7&" - "&M7 -> 43 - 48 | P7: =Q6 -> 25 | Q7: =5+P7 -> 30 | R7: =P7&" - "&Q7 -> 25 - 30
A8: =_xlfn.XLOOKUP('Raw Data'!A8,$M$2:$M$11,$N$2:$N$11,,1) -> 53 - 58 | B8: =_xlfn.XLOOKUP('Raw Data'!B8,$Q$2:$Q$9,$R$2:$R$9,,1) -> 35 - 40 | C8: 3 | D8: =_xlfn.XLOOKUP('Raw Data'!D8,$V$2:$V$5,$W$2:$W$5,,1) -> 11 - 15 | E8: 1998 | F8: =_xlfn.XLOOKUP('Raw Data'!F8,$Q$2:$Q$9,$R$2:$R$9,,1) -> 25 - 30 | G8: 485.6 | L8: =M7 -> 48 | M8: =5+L8 -> 53 | N8: =L8&" - "&M8 -> 48 - 53 | P8: =Q7 -> 30 | Q8: =5+P8 -> 35 | R8: =P8&" - "&Q8 -> 30 - 35
A9: =_xlfn.XLOOKUP('Raw Data'!A9,$M$2:$M$11,$N$2:$N$11,,1) -> 33 - 38 | B9: =_xlfn.XLOOKUP('Raw Data'!B9,$Q$2:$Q$9,$R$2:$R$9,,1) -> 15 - 20 | C9: 1 | D9: =_xlfn.XLOOKUP('Raw Data'!D9,$V$2:$V$5,$W$2:$W$5,,1) -> 15 - 19 | E9: 2000 | F9: =_xlfn.XLOOKUP('Raw Data'!F9,$Q$2:$Q$9,$R$2:$R$9,,1) -> 20 - 25 | G9: 492.35 | L9: =M8 -> 53 | M9: =5+L9 -> 58 | N9: =L9&" - "&M9 -> 53 - 58 | P9: =Q8 -> 35 | Q9: =5+P9 -> 40 | R9: =P9&" - "&Q9 -> 35 - 40
A10: =_xlfn.XLOOKUP('Raw Data'!A10,$M$2:$M$11,$N$2:$N$11,,1) -> 38 - 43 | B10: =_xlfn.XLOOKUP('Raw Data'!B10,$Q$2:$Q$9,$R$2:$R$9,,1) -> 5 - 10 | C10: 4 | D10: =_xlfn.XLOOKUP('Raw Data'!D10,$V$2:$V$5,$W$2:$W$5,,1) -> 11 - 15 | E10: 2011 | F10: =_xlfn.XLOOKUP('Raw Data'!F10,$Q$2:$Q$9,$R$2:$R$9,,1) -> 10 - 15 | G10: 497.1 | L10: =M9 -> 58 | M10: =5+L10 -> 63 | N10: =L10&" - "&M10 -> 58 - 63
A11: =_xlfn.XLOOKUP('Raw Data'!A11,$M$2:$M$11,$N$2:$N$11,,1) -> 23 - 28 | B11: =_xlfn.XLOOKUP('Raw Data'!B11,$Q$2:$Q$9,$R$2:$R$9,,1) -> 5 - 10 | C11: 5 | D11: =_xlfn.XLOOKUP('Raw Data'!D11,$V$2:$V$5,$W$2:$W$5,,1) -> 11 - 15 | E11: 2022 | F11: =_xlfn.XLOOKUP('Raw Data'!F11,$Q$2:$Q$9,$R$2:$R$9,,1) -> 0 - 5 | G11: 499.8 | L11: =M10 -> 63 | M11: =5+L11 -> 68 | N11: =L11&" - "&M11 -> 63 - 68
A12: =_xlfn.XLOOKUP('Raw Data'!A12,$M$2:$M$11,$N$2:$N$11,,1) -> 23 - 28 | B12: =_xlfn.XLOOKUP('Raw Data'!B12,$Q$2:$Q$9,$R$2:$R$9,,1) -> 5 - 10 | C12: 5 | D12: =_xlfn.XLOOKUP('Raw Data'!D12,$V$2:$V$5,$W$2:$W$5,,1) -> 19 - 23 | E12: 2025 | F12: =_xlfn.XLOOKUP('Raw Data'!F12,$Q$2:$Q$9,$R$2:$R$9,,1) -> 0 - 5 | G12: 499.9
A13: =_xlfn.XLOOKUP('Raw Data'!A13,$M$2:$M$11,$N$2:$N$11,,1) -> 38 - 43 | B13: =_xlfn.XLOOKUP('Raw Data'!B13,$Q$2:$Q$9,$R$2:$R$9,,1) -> 0 - 5 | C13: 3 | D13: =_xlfn.XLOOKUP('Raw Data'!D13,$V$2:$V$5,$W$2:$W$5,,1) -> 23 - 27 | E13: 2012 | F13: =_xlfn.XLOOKUP('Raw Data'!F13,$Q$2:$Q$9,$R$2:$R$9,,1) -> 10 - 15 | G13: 498.2
A14: =_xlfn.XLOOKUP('Raw Data'!A14,$M$2:$M$11,$N$2:$N$11,,1) -> 48 - 53 | B14: =_xlfn.XLOOKUP('Raw Data'!B14,$Q$2:$Q$9,$R$2:$R$9,,1) -> 30 - 35 | C14: 5 | D14: =_xlfn.XLOOKUP('Raw Data'!D14,$V$2:$V$5,$W$2:$W$5,,1) -> 23 - 27 | E14: 2023 | F14: =_xlfn.XLOOKUP('Raw Data'!F14,$Q$2:$Q$9,$R$2:$R$9,,1) -> 0 - 5 | G14: 488.7
A15: =_xlfn.XLOOKUP('Raw Data'!A15,$M$2:$M$11,$N$2:$N$11,,1) -> 53 - 58 | B15: =_xlfn.XLOOKUP('Raw Data'!B15,$Q$2:$Q$9,$R$2:$R$9,,1) -> 0 - 5 | C15: 2 | D15: =_xlfn.XLOOKUP('Raw Data'!D15,$V$2:$V$5,$W$2:$W$5,,1) -> 11 - 15 | E15: 1998 | F15: =_xlfn.XLOOKUP('Raw Data'!F15,$Q$2:$Q$9,$R$2:$R$9,,1) -> 25 - 30 | G15: 493.55
A16: =_xlfn.XLOOKUP('Raw Data'!A16,$M$2:$M$11,$N$2:$N$11,,1) -> 38 - 43 | B16: =_xlfn.XLOOKUP('Raw Data'!B16,$Q$2:$Q$9,$R$2:$R$9,,1) -> 5 - 10 | C16: 5 | D16: =_xlfn.XLOOKUP('Raw Data'!D16,$V$2:$V$5,$W$2:$W$5,,1) -> 11 - 15 | E16: 2013 | F16: =_xlfn.XLOOKUP('Raw Data'!F16,$Q$2:$Q$9,$R$2:$R$9,,1) -> 10 - 15 | G16: 498.45
A17: =_xlfn.XLOOKUP('Raw Data'!A17,$M$2:$M$11,$N$2:$N$11,,1) -> 18 - 23 | B17: =_xlfn.XLOOKUP('Raw Data'!B17,$Q$2:$Q$9,$R$2:$R$9,,1) -> 0 - 5 | C17: 1 | D17: =_xlfn.XLOOKUP('Raw Data'!D17,$V$2:$V$5,$W$2:$W$5,,1) -> 19 - 23 | E17: 1997 | F17: =_xlfn.XLOOKUP('Raw Data'!F17,$Q$2:$Q$9,$R$2:$R$9,,1) -> 25 - 30 | G17: 500.85
A18: =_xlfn.XLOOKUP('Raw Data'!A18,$M$2:$M$11,$N$2:$N$11,,1) -> 38 - 43 | B18: =_xlfn.XLOOKUP('Raw Data'!B18,$Q$2:$Q$9,$R$2:$R$9,,1) -> 20 - 25 | C18: 1 | D18: =_xlfn.XLOOKUP('Raw Data'!D18,$V$2:$V$5,$W$2:$W$5,,1) -> 19 - 23 | E18: 1996 | F18: =_xlfn.XLOOKUP('Raw Data'!F18,$Q$2:$Q$9,$R$2:$R$9,,1) -> 25 - 30 | G18: 491.4
A19: =_xlfn.XLOOKUP('Raw Data'!A19,$M$2:$M$11,$N$2:$N$11,,1) -> 18 - 23 | B19: =_xlfn.XLOOKUP('Raw Data'!B19,$Q$2:$Q$9,$R$2:$R$9,,1) -> 0 - 5 | C19: 4 | D19: =_xlfn.XLOOKUP('Raw Data'!D19,$V$2:$V$5,$W$2:$W$5,,1) -> 19 - 23 | E19: 2025 | F19: =_xlfn.XLOOKUP('Raw Data'!F19,$Q$2:$Q$9,$R$2:$R$9,,1) -> 0 - 5 | G19: 503.05
A20: =_xlfn.XLOOKUP('Raw Data'!A20,$M$2:$M$11,$N$2:$N$11,,1) -> 38 - 43 | B20: =_xlfn.XLOOKUP('Raw Data'!B20,$Q$2:$Q$9,$R$2:$R$9,,1) -> 0 - 5 | C20: 0 | D20: =_xlfn.XLOOKUP('Raw Data'!D20,$V$2:$V$5,$W$2:$W$5,,1) -> 15 - 19 | E20: 2007 | F20: =_xlfn.XLOOKUP('Raw Data'!F20,$Q$2:$Q$9,$R$2:$R$9,,1) -> 15 - 20 | G20: 494.25
A21: =_xlfn.XLOOKUP('Raw Data'!A21,$M$2:$M$11,$N$2:$N$11,,1) -> 58 - 63 | B21: =_xlfn.XLOOKUP('Raw Data'!B21,$Q$2:$Q$9,$R$2:$R$9,,1) -> 10 - 15 | C21: 2 | D21: =_xlfn.XLOOKUP('Raw Data'!D21,$V$2:$V$5,$W$2:$W$5,,1) -> 11 - 15 | E21: 1992 | F21: =_xlfn.XLOOKUP('Raw Data'!F21,$Q$2:$Q$9,$R$2:$R$9,,1) -> 30 - 35 | G21: 491.2
A22: =_xlfn.XLOOKUP('Raw Data'!A22,$M$2:$M$11,$N$2:$N$11,,1) -> 43 - 48 | B22: =_xlfn.XLOOKUP('Raw Data'!B22,$Q$2:$Q$9,$R$2:$R$9,,1) -> 25 - 30 | C22: 4 | D22: =_xlfn.XLOOKUP('Raw Data'!D22,$V$2:$V$5,$W$2:$W$5,,1) -> 15 - 19 | E22: 2017 | F22: =_xlfn.XLOOKUP('Raw Data'!F22,$Q$2:$Q$9,$R$2:$R$9,,1) -> 5 - 10 | G22: 489.5
A23: =_xlfn.XLOOKUP('Raw Data'!A23,$M$2:$M$11,$N$2:$N$11,,1) -> 53 - 58 | B23: =_xlfn.XLOOKUP('Raw Data'!B23,$Q$2:$Q$9,$R$2:$R$9,,1) -> 0 - 5 | C23: 2 | D23: =_xlfn.XLOOKUP('Raw Data'!D23,$V$2:$V$5,$W$2:$W$5,,1) -> 11 - 15 | E23: 1995 | F23: =_xlfn.XLOOKUP('Raw Data'!F23,$Q$2:$Q$9,$R$2:$R$9,,1) -> 25 - 30 | G23: 495.3
... A1001: =_xlfn.XLOOKUP('Raw Data'!A1001,$M$2:$M$11,$N$2:$N$11,,1) -> 33 - 38 | B1001: =_xlfn.XLOOKUP('Raw Data'!B1001,$Q$2:$Q$9,$R$2:$R$9,,1) -> 15 - 20 | C1001: 2 | D1001: =_xlfn.XLOOKUP('Raw Data'!D1001,$V$2:$V$5,$W$2:$W$5,,1) -> 11 - 15 | E1001: 2002 | F1001: =_xlfn.XLOOKUP('Raw Data'!F1001,$Q$2:$Q$9,$R$2:$R$9,,1) -> 20 - 25 | G1001: 492.8

Sheet Raw Data
A1: Driver Age | B1: Driver Experience | C1: Previous Accidents | D1: Annual Mileage (x1000 km) | E1: Car Manufacturing Year | F1: Car Age | G1: Insurance Premium ($)
A2: 56 | B2: 32 | C2: 4 | D2: 17 | E2: 2002 | F2: 23 | G2: 488.35
A3: 46 | B3: 19 | C3: 0 | D3: 21 | E3: 2025 | F3: 0 | G3: 486.15
A4: 32 | B4: 11 | C4: 4 | D4: 15 | E4: 2020 | F4: 5 | G4: 497.55
A5: 60 | B5: 0 | C5: 4 | D5: 19 | E5: 1991 | F5: 34 | G5: 498.35
A6: 25 | B6: 7 | C6: 0 | D6: 13 | E6: 2005 | F6: 20 | G6: 495.55
A7: 38 | B7: 13 | C7: 2 | D7: 11 | E7: 1998 | F7: 27 | G7: 494.75
A8: 56 | B8: 37 | C8: 3 | D8: 14 | E8: 1998 | F8: 27 | G8: 485.6
A9: 36 | B9: 18 | C9: 1 | D9: 19 | E9: 2000 | F9: 25 | G9: 492.35
A10: 40 | B10: 10 | C10: 4 | D10: 14 | E10: 2011 | F10: 14 | G10: 497.1
A11: 28 | B11: 10 | C11: 5 | D11: 12 | E11: 2022 | F11: 3 | G11: 499.8
A12: 28 | B12: 10 | C12: 5 | D12: 20 | E12: 2025 | F12: 0 | G12: 499.9
A13: 41 | B13: 2 | C13: 3 | D13: 24 | E13: 2012 | F13: 13 | G13: 498.2
... A1001: 37 | B1001: 19 | C1001: 2 | D1001: 12 | E1001: 2002 | F1001: 23 | G1001: 492.8
